ID,title,year,authors,journal,Notes,study_number,sample_source,sample_recruitment,sample_method,sample_platform,sample_mturk,sample_level,mturk_acceptance,sample_time,sample_size,sample_age,sample_incentive,sample_incentive_amount,sample_country,cr_multiple,cr_sequential,cr_total_amount,cr_1_method,cr_1_amount,cr_1_method_detail,cr_2_method,cr_2_amount,cr_2_method_detail,cr_3_method,cr_3_amount,cr_3_method_detail,cr_4_method,cr_4_amount,cr_4_method_detail,design_time,design_method,design_location,total_items
Wellman2016a,"When are do-gooders treated badly? Legitimate power, role expectations, and reactions to moral objection in organizations",2016,"Wellman, Ned; Mayer, David M.; Ong, Madeline; DeRue, D. Scott",Journal of Applied Psychology,,1,1,1,1,1,-1,-1,-1.0,1,244,43.14,2,-1.0,-1,1,0,5,1,-1,-1,3,-1,8,-1,-1,-1,-1,-1,-1,0,1,0,14
Wellman2016b,"When are do-gooders treated badly? Legitimate power, role expectations, and reactions to moral objection in organizations",2016,"Wellman, Ned; Mayer, David M.; Ong, Madeline; DeRue, D. Scott",Journal of Applied Psychology,,2,1,1,1,0,-1,-1,0.95,1,195,31.23,2,-1.0,0,1,0,9,1,-1,-1,3,-1,8,-1,-1,-1,-1,-1,-1,0,1,0,10
Wellman2016c,"When are do-gooders treated badly? Legitimate power, role expectations, and reactions to moral objection in organizations",2016,"Wellman, Ned; Mayer, David M.; Ong, Madeline; DeRue, D. Scott",Journal of Applied Psychology,,3,0,0,1,-1,-1,-1,-1.0,1,136,19.93,2,7.0,0,0,-1,2,3,2,8,-1,-1,-1,-1,-1,-1,-1,-1,-1,0,1,1,8
Huang2017a,"Employee conscientiousness, agreeableness, and supervisor justice rule compliance: A three-study investigation",2017,"Huang, Jason L.; Cropanzano, Russell; Li, Andrew; Shao, Ping; Zhang, Xin-an; Li, Yuhui",Journal of Applied Psychology,Note: changed coding for cr_method_1 from 0 to 12; from instructed response/bogus to just bogus item,2,1,1,1,0,-1,-1,-1.0,1,305,36.0,2,1.0,0,0,-1,17,12,17,3,-1,-1,-1,-1,-1,-1,-1,-1,-1,0,1,0,37
Huang2017b,"Employee conscientiousness, agreeableness, and supervisor justice rule compliance: A three-study investigation",2017,"Huang, Jason L.; Cropanzano, Russell; Li, Andrew; Shao, Ping; Zhang, Xin-an; Li, Yuhui",Journal of Applied Psychology,Note: changed coding for cr_method_1 from 0 to 12; from instructed response/bogus to just bogus item,2,1,1,1,0,-1,-1,-1.0,2,304,36.0,2,1.25,0,0,-1,18,12,18,3,-1,-1,-1,-1,-1,-1,-1,-1,-1,0,1,0,38
Huang2017c,"Employee conscientiousness, agreeableness, and supervisor justice rule compliance: A three-study investigation",2017,"Huang, Jason L.; Cropanzano, Russell; Li, Andrew; Shao, Ping; Zhang, Xin-an; Li, Yuhui",Journal of Applied Psychology,Note: changed coding for cr_method_1 from 0 to 12; from instructed response/bogus to just bogus item - used IER items from huang et al (2015) - bogus items,2,1,1,1,0,-1,-1,-1.0,3,305,36.0,2,1.0,0,0,-1,15,12,15,3,-1,-1,-1,-1,-1,-1,-1,-1,-1,0,1,0,45
Harold2016a,Fit and frustration as drivers of targeted counterproductive work behaviors: A multifoci perspective,2016,"Harold, Crystal M.; Oh, In-Sue; Holtz, Brian C.; Han, Soojung; Giacalone, Robert A.",Journal of Applied Psychology,,1,2,-1,2,-1,-1,4,-1.0,1,463,36.85,3,50.0,0,0,-1,10,3,10,-1,-1,-1,-1,-1,-1,-1,-1,-1,-1,0,0,0,17
Harold2016b,Fit and frustration as drivers of targeted counterproductive work behaviors: A multifoci perspective,2016,"Harold, Crystal M.; Oh, In-Sue; Holtz, Brian C.; Han, Soojung; Giacalone, Robert A.",Journal of Applied Psychology,"this paper was tricky to code - they used a longitudinal design and removed subjects bc of CR at each of the three time points. I added a sample_time column and reported the study across three rows. For study 2, they used two cr indicators, but did not specify how much was removed due to each, just a combined total for the two indicators.",2,1,1,1,0,-1,2,0.85,1,1254,35.84,2,1.0,0,1,0,227,12,-1,-1,1,-1,-1,-1,-1,-1,-1,-1,-1,1,0,0,22
Harold2016c,Fit and frustration as drivers of targeted counterproductive work behaviors: A multifoci perspective,2016,"Harold, Crystal M.; Oh, In-Sue; Holtz, Brian C.; Han, Soojung; Giacalone, Robert A.",Journal of Applied Psychology,,2,1,1,1,0,-1,2,0.85,2,837,35.84,2,1.0,0,1,0,37,12,-1,-1,1,-1,-1,-1,-1,-1,-1,-1,-1,1,0,0,22
Harold2016d,Fit and frustration as drivers of targeted counterproductive work behaviors: A multifoci perspective,2016,"Harold, Crystal M.; Oh, In-Sue; Holtz, Brian C.; Han, Soojung; Giacalone, Robert A.",Journal of Applied Psychology,,2,1,1,1,0,-1,2,0.85,3,698,35.84,2,1.0,0,1,0,29,12,-1,-1,1,-1,-1,-1,-1,-1,-1,-1,-1,1,0,0,22
Schäpers2020a,"The role of Situations in Situational Judgment Tests: Effects on construct saturation, predictive validity, and applicant perceptions",2020,"Schäpers, Philipp; Mussel, Patrick; Lievens, Filip; König, Cornelius J.; Freudenstein, Jan-Philipp; Krumm, Stefan",Journal of Applied Psychology,"This paper includes a second study, but could not use the sample bc they lump CR screening w non-CR screening when reporting ",1,3,1,1,-1,-1,4,-1.0,1,1237,51.05,4,-1.0,-1,1,0,145,0,-1,-1,12,-1,-1,6,-1,-1,-1,-1,-1,0,1,0,60
Alessandri2021a,Where you came from and where you are going: The role of performance trajectory in promotion decisions,2021,"Alessandri, Guido; Cortina, José M.; Sheng, Zitong; Borgogni, Laura",Journal of Applied Psychology,"This paper includes two other studies, but could not use those sample bc they did not report CR (study 1) or they combined CR screening w non-CR screening when reporting (study 2)",2,1,1,1,0,-1,3,-1.0,1,283,-1.0,2,-1.0,-1,1,1,50,0,23,1,5,4,-1,3,12,20,4,11,-1,0,1,0,40
Taylor2019a,Breaking the cycle of abusive supervision: How disidentification and moral identity help the trickle-down change course,2019,"Taylor, Shannon G.; Griffith, Matthew D.; Vadera, Abhijeet K.; Folger, Robert; Letwin, Chaim R.",Journal of Applied Psychology,this paper included two other studies that did not report CR,1,1,5,1,4,-1,4,-1.0,1,413,37.0,2,-1.0,0,1,1,125,0,20,1,1,105,7.67,-1,-1,-1,-1,-1,-1,0,1,0,21
Greenbaum2022a,Managing my shame: Examining the effects of parental identity threat and emotional stability on work productivity and investment in parenting,2022,"Greenbaum, Rebecca L.; Deng, Yingli; Butts, Marcus M.; Wang, Cynthia S.; Smith, Alexis N.",Journal of Applied Psychology,,1,1,1,1,0,-1,-1,0.0,1,297,36.29,2,2.5,0,0,-1,4,0,4,1,-1,-1,-1,-1,-1,-1,-1,-1,-1,1,1,0,14
Greenbaum2022b,Managing my shame: Examining the effects of parental identity threat and emotional stability on work productivity and investment in parenting,2022,"Greenbaum, Rebecca L.; Deng, Yingli; Butts, Marcus M.; Wang, Cynthia S.; Smith, Alexis N.",Journal of Applied Psychology,,1,1,1,1,0,-1,-1,0.9,2,208,36.29,2,2.5,0,0,-1,2,0,2,1,-1,-1,-1,-1,-1,-1,-1,-1,-1,1,1,0,17
Greenbaum2022c,Managing my shame: Examining the effects of parental identity threat and emotional stability on work productivity and investment in parenting,2022,"Greenbaum, Rebecca L.; Deng, Yingli; Butts, Marcus M.; Wang, Cynthia S.; Smith, Alexis N.",Journal of Applied Psychology,this paper included a third study but did not use CR techniques,2,1,1,1,1,-1,-1,-1.0,1,275,38.04,-1,-1.0,0,0,-1,16,0,16,1,-1,-1,-1,-1,-1,-1,-1,-1,-1,0,0,0,21
Hideg2017a,Dialectical thinking and fairness-based perspectives of affirmative action,2017,"Hideg, Ivona; Ferris, D. Lance",Journal of Applied Psychology,includes a second study that did not report CR,2,1,1,1,0,-1,-1,-1.0,1,291,33.73,2,2.5,-1,0,-1,15,0,15,3,-1,-1,-1,-1,-1,-1,-1,-1,-1,0,1,0,45
Ouyang2018a,"Reaching the limits of reciprocity in favor exchange: The effects of generous, stingy, and matched favor giving on social status",2018,"Ouyang, Kan; Xu, Erica; Huang, Xu; Liu, Wu; Tang, Yipeng",Journal of Applied Psychology,includes a second study that did not report CR,1,1,1,1,2,-1,2,-1.0,1,271,34.37,2,1.0,1,0,-1,6,0,6,1,-1,-1,-1,-1,-1,-1,-1,-1,-1,0,1,0,10
Huang2019a,Why sabotage customers who mistreat you? Activated hostility and subsequent devaluation of targets as a moral disengagement mechanism,2019,"Huang, Yu-Shan (Sandy); Greenbaum, Rebecca L.; Bonner, Julena M.; Wang, Cynthia S.",Journal of Applied Psychology,"weird reporting of repeated measures samples - they did not separate the sample size for each repeated measure, so I am assuming what they reported is participants who completed both time points. Also includes a second study that did not report CR. ",2,3,1,1,0,-1,-1,-1.0,1,180,38.0,2,1.0,-1,0,-1,8,1,8,2.5 SD,-1,-1,-1,-1,-1,-1,-1,-1,-1,1,1,0,6
Koopman2021a,"Does CWB repair negative affective states, or generate them? Examining the moderating role of trait empathy",2021,"Koopman, Joel; Conway, James M.; Dimotakis, Nikolaos; Tepper, Bennett J.; Lee, Young Eun; Rogelberg, Steven G.; Lount Jr., Robert B.",Journal of Applied Psychology,CR data found in appendix B,4,1,1,1,2,-1,-1,-1.0,1,221,33.25,2,-1.0,-1,0,-1,12,13,12,2,-1,-1,-1,-1,-1,-1,-1,-1,-1,0,0,0,66
Lanaj2022a,When leader self-care begets other care: Leader role self-compassion and helping at work,2022,"Lanaj, Klodiana; Jennings, Remy E.; Ashford, Susan J.; Krishnan, Satish",Journal of Applied Psychology,includes a second study that did not report CR,2,1,1,1,0,-1,3,-1.0,1,395,36.2,2,2.0,0,0,-1,11,0,11,-1,-1,-1,-1,-1,-1,-1,-1,-1,-1,0,1,0,31
Xu2022a,Does taking charge help or harm employees’ promotability and visibility? An investigation from supervisors’ status perspective,2022,"Xu, Angela J.; Loi, Raymond; Chow, Cheris W. C.",Journal of Applied Psychology,"includes a second and third study . The second study did not use CR. The student removed for CR, but did not indicate how much",1,1,1,1,0,-1,3,-1.0,1,177,35.0,2,1.0,0,0,-1,2,0,2,2,-1,-1,-1,-1,-1,-1,-1,-1,-1,0,1,0,13
Colquitt2014a,Scale indicators of social exchange relationships: A comparison of relative content validity.,2014,"Colquitt, Jason A.; Baer, Michael D.; Long, David M.; Halvorsen-Ganepola, Marie D. K.",Journal of Applied Psychology,"used a repeated measure design, but instead of reporting sample size and amount of CR flagged at each wave, the authors reported the number of participants who completed all waves and then removed CR from that sample",1,0,0,1,3,-1,0,-1.0,-1,331,21.2,1,-1.0,0,1,0,97,1,-1,-1,0,-1,-1,-1,-1,-1,-1,-1,-1,1,1,0,60
Colbert2016a,Flourishing via Workplace Relationships: Moving Beyond Instrumental Support,2016,"Colbert, Amy E.; Bono, Joyce E.; Purvanova, Radostina K.",Academy of Management Journal,"used repeated measures AND dyads; only tested for and reported CR for the participants who complete all measures; I only reported CR for participants who completed all waves, and did not count the partner in the dyad's CR for easier reporting",1,1,1,1,5,-1,-1,-1.0,3,210,-1.0,-1,-1.0,0,0,-1,41,0,41,1,-1,-1,-1,-1,-1,-1,-1,-1,-1,1,0,0,41
Ong2018a,When corporate social responsibility motivates employee citizenship behavior: The sensitizing role of task significance,2018,"Ong, Madeline; Mayer, David M.; Tost, Leigh P.; Wellman, Ned",Organizational Behavior and Human Decision Processes,,1,1,-1,2,-1,-1,-1,-1.0,1,176,42.79,1,-1.0,0,1,0,44,2,-1,-1,1,-1,-1,0,-1,-1,-1,-1,-1,0,0,0,-1
Hideg2020a,History backfires: Reminders of past injustices against women undermine support for workplace policies promoting women,2020,"Hideg, Ivona; Wilson, Anne E.",Organizational Behavior and Human Decision Processes,did not report mean age or whether the surveys were online,1,0,0,1,-1,-1,0,-1.0,1,141,-1.0,1,-1.0,0,0,-1,26,0,26,3,-1,-1,-1,-1,-1,-1,-1,-1,-1,0,1,0,19
Hideg2020b,History backfires: Reminders of past injustices against women undermine support for workplace policies promoting women,2020,"Hideg, Ivona; Wilson, Anne E.",Organizational Behavior and Human Decision Processes,,2,1,1,1,0,-1,-1,-1.0,1,257,36.82,2,3.0,0,0,-1,16,0,16,3,-1,-1,-1,-1,-1,-1,-1,-1,-1,0,1,0,25
Hideg2020c,History backfires: Reminders of past injustices against women undermine support for workplace policies promoting women,2020,"Hideg, Ivona; Wilson, Anne E.",Organizational Behavior and Human Decision Processes,,3,0,0,1,-1,-1,0,-1.0,1,232,-1.0,1,-1.0,0,0,-1,14,0,14,3,-1,-1,-1,-1,-1,-1,-1,-1,-1,0,1,-1,25
Hideg2020d,History backfires: Reminders of past injustices against women undermine support for workplace policies promoting women,2020,"Hideg, Ivona; Wilson, Anne E.",Organizational Behavior and Human Decision Processes,,4,0,0,1,-1,-1,0,-1.0,1,380,-1.0,1,-1.0,0,0,-1,45,0,45,3,-1,-1,-1,-1,-1,-1,-1,-1,-1,0,1,0,41
Shao2018a,Self-protective reactions to peer abusive supervision: The moderating role of prevention focus and the mediating role of performance instrumentality,2018,"Shao, Ping; Li, Andrew; Mawritz, Mary",Journal of Organizational Behavior,used IER items from huang et al (2015) - bogus items,2,2,-1,1,-1,-1,0,-1.0,1,108,25.88,1,-1.0,0,0,-1,24,12,24,2,-1,-1,-1,-1,-1,-1,-1,-1,-1,0,1,0,19
Shao2018b,Self-protective reactions to peer abusive supervision: The moderating role of prevention focus and the mediating role of performance instrumentality,2018,"Shao, Ping; Li, Andrew; Mawritz, Mary",Journal of Organizational Behavior,"treated dyads as single units; eg., reported at dyad level; 20 participants = 10 dyads",3,2,-1,1,-1,-1,4,-1.0,1,180,28.93,1,-1.0,0,1,0,22,3,-1,-1,9,-1,-1,-1,-1,-1,-1,-1,-1,0,0,0,23
Holtz2013a,Effects of leadership consideration and structure on employee perceptions of justice and counterproductive work behavior,2013,"Holtz, Brian C.; Harold, Crystal M.",Journal of Organizational Behavior,"dyads ; reported at participant level, summed dyad ",1,2,-1,2,-1,-1,-1,-1.0,1,325,33.0,3,50.0,0,1,0,24,0,-1,-1,6,-1,-1,-1,-1,-1,-1,-1,-1,0,0,0,-1
Holtz2013b,Effects of leadership consideration and structure on employee perceptions of justice and counterproductive work behavior,2013,"Holtz, Brian C.; Harold, Crystal M.",Journal of Organizational Behavior,"dyads ; reported at participant level, summed dyad ",2,1,0,1,3,-1,2,-1.0,1,226,39.9,2,5.0,0,0,-1,16,0,16,-1,-1,-1,-1,-1,-1,-1,-1,-1,-1,0,0,0,-1
Greenbaum2018a,Supervisor expediency to employee expediency: The moderating role of leader–member exchange and the mediating role of employee unethical tolerance,2018,"Greenbaum, Rebecca L.; Mawritz, Mary B.; Bonner, Julena M.; Webster, Brian D.; Kim, Joseph",Journal of Organizational Behavior,"repeated measures, but only removed CR at time point 1",3,2,-1,1,-1,-1,-1,-1.0,1,218,30.32,5,-1.0,0,0,-1,17,1,17,-1,-1,-1,-1,-1,-1,-1,-1,-1,-1,1,0,0,15
Barber2015a,Turning molehills into mountains: Sleepiness increases workplace interpretive bias,2015,"Barber, Larissa K.; Budnick, Christopher J.",Journal of Organizational Behavior,bogus items from Meade and Craig 2012,1,0,0,1,-1,-1,0,-1.0,1,191,19.03,-1,-1.0,-1,0,-1,11,12,11,2,-1,-1,-1,-1,-1,-1,-1,-1,-1,0,0,0,96
McIlroy2021a,"The effects of unanswered supervisor support on employees’ well-being, performance, and relational outcomes",2021,"McIlroy, Thomas D.; Parker, Stacey L.; McKimmie, Blake M.",Journal of Occupational Health Psychology,,1,1,1,1,2,-1,2,-1.0,1,296,36.25,2,1.25,2,0,-1,16,0,16,-1,-1,-1,-1,-1,-1,-1,-1,-1,-1,0,1,0,59
Boekhorst2021a,The double-edged sword of manager caring behavior: Implications for employee wellbeing.,2021,"Boekhorst, Janet A.; Hewett, Rebecca; Shantz, Amanda; Good, Jessica R. L.",Journal of Occupational Health Psychology,,0,1,1,1,2,-1,-1,-1.0,1,482,37.9,2,-1.0,2,0,-1,26,13,26,1,-1,-1,-1,-1,-1,-1,-1,-1,-1,0,0,0,-1
Boekhorst2021b,The double-edged sword of manager caring behavior: Implications for employee wellbeing.,2021,"Boekhorst, Janet A.; Hewett, Rebecca; Shantz, Amanda; Good, Jessica R. L.",Journal of Occupational Health Psychology,,0,1,1,1,2,-1,-1,-1.0,1,480,37.3,2,-1.0,2,0,-1,41,13,41,1,-1,-1,-1,-1,-1,-1,-1,-1,-1,0,0,0,-1
Boekhorst2021c,The double-edged sword of manager caring behavior: Implications for employee wellbeing.,2021,"Boekhorst, Janet A.; Hewett, Rebecca; Shantz, Amanda; Good, Jessica R. L.",Journal of Occupational Health Psychology,,1,1,1,1,2,-1,2,0.95,1,300,37.63,2,1.29,2,0,-1,33,13,33,1,-1,-1,-1,-1,-1,-1,-1,-1,-1,1,0,0,11
Boekhorst2021d,The double-edged sword of manager caring behavior: Implications for employee wellbeing.,2021,"Boekhorst, Janet A.; Hewett, Rebecca; Shantz, Amanda; Good, Jessica R. L.",Journal of Occupational Health Psychology,,1,1,1,1,2,-1,2,0.95,2,267,37.63,2,1.29,-1,0,-1,3,13,3,1,-1,-1,-1,-1,-1,-1,-1,-1,-1,1,0,0,10
Strauss2017a,When does proactivity have a cost? Motivation at work moderates the effects of proactive work behavior on employee job strain,2017,"Strauss, Karoline; Parker, Sharon K.; O'Shea, Deirdre",Journal of Vocational Behavior,dyads; reported as a unit,1,1,1,1,5,-1,4,-1.0,1,134,40.26,-1,-1.0,0,0,-1,7,4,7,0.0001,-1,-1,-1,-1,-1,-1,-1,-1,-1,1,0,0,27
Burns2014a,Effects of Applicant Personality on Resume Evaluations,2014,"Burns, Gary N.; Christiansen, Neil D.; Morris, Megan B.; Periard, David. A.; Coaster, John A.",Journal of Business and Psychology,atypical item format marked item count as -1,1,1,1,1,0,-1,-1,-1.0,1,386,33.78,2,-1.0,-1,0,-1,120,0,120,1,-1,-1,-1,-1,-1,-1,-1,-1,-1,0,0,0,-1
Golubovich2021a,Performance on Video-Based Situational Judgment Test Items: Simulated Interracial Interactions,2021,"Golubovich, Juliya; Ryan, Ann Marie",Journal of Business and Psychology,"used sitational scenarios / SJIs, so did not count these as items, marked as -1",1,0,0,1,-1,-1,0,-1.0,1,347,19.88,1,-1.0,0,1,1,12,13,10,1,4,2,0.001,-1,-1,-1,-1,-1,-1,0,1,1,-1
Golubovich2021b,Performance on Video-Based Situational Judgment Test Items: Simulated Interracial Interactions,2021,"Golubovich, Juliya; Ryan, Ann Marie",Journal of Business and Psychology,"used sitational scenarios / SJIs, so did not count these as items, marked as -1",2,0,0,1,-1,-1,0,-1.0,1,337,20.12,1,-1.0,0,1,1,33,13,18,1,4,15,0.001,-1,-1,-1,-1,-1,-1,0,1,1,-1
Kim2022a,Granting Leadership to Asian Americans: the Activation of Ideal Leader and Ideal Follower Traits on Observers’ Leadership Perceptions,2022,"Kim, K. Yourie; Shen, Winny; Evans, Rochelle; Mu, Frank",Journal of Business and Psychology,"this paper had a study 2, 3, 4, but they first screen out participants who failed a knowledge-like manipulation check (~33% of sample), and speculate this screened out majority of the CR... so excluding these study fro not getting a clean measure of CR",1,1,1,1,0,-1,-1,-1.0,1,222,38.0,2,1.0,0,1,0,9,1,-1,<2s/item,10,-1,-1,-1,-1,-1,-1,-1,-1,0,1,0,-1
Folger2022a,Applicant Reactions to Digital Selection Methods: A Signaling Perspective on Innovativeness and Procedural Justice,2022,"Folger, Nicholas; Brosi, Prisca; Stumpf-Wollersheim, Jutta; Welpe, Isabell M.",Journal of Business and Psychology,"this paper had a study 2 that used CR techniques, but they reported the number excluded due to CR combined with other screening methods",1,1,-1,2,-1,-1,-1,-1.0,1,482,26.26,-1,-1.0,3,1,0,7,1,-1,-1,3,-1,-1,-1,-1,-1,-1,-1,-1,0,1,0,10
Reb2018a,"Decoy effect, anticipated regret, and preferences for work–family benefits",2018,"Reb, Jochen; Li, Andrew; Bagger, Jessica",Journal of Occupational and Organizational Psychology,Study 1a had three different samples ,1a,1,1,1,0,-1,-1,-1.0,1,123,35.96,2,-1.0,-1,0,-1,46,0,46,-1,-1,-1,-1,-1,-1,-1,-1,-1,-1,0,1,0,10
Reb2018b,"Decoy effect, anticipated regret, and preferences for work–family benefits",2018,"Reb, Jochen; Li, Andrew; Bagger, Jessica",Journal of Occupational and Organizational Psychology,,1a,1,1,1,0,-1,-1,-1.0,1,280,36.6,2,-1.0,-1,0,-1,128,0,128,-1,-1,-1,-1,-1,-1,-1,-1,-1,-1,0,1,0,10
Reb2018c,"Decoy effect, anticipated regret, and preferences for work–family benefits",2018,"Reb, Jochen; Li, Andrew; Bagger, Jessica",Journal of Occupational and Organizational Psychology,,1a,0,0,1,-1,-1,0,-1.0,1,108,24.39,1,-1.0,0,0,-1,29,0,29,-1,-1,-1,-1,-1,-1,-1,-1,-1,-1,0,1,-1,10
Reb2018d,"Decoy effect, anticipated regret, and preferences for work–family benefits",2018,"Reb, Jochen; Li, Andrew; Bagger, Jessica",Journal of Occupational and Organizational Psychology,,1b,1,-1,1,-1,-1,-1,-1.0,1,210,37.07,-1,-1.0,-1,0,-1,76,13,76,1,-1,-1,-1,-1,-1,-1,-1,-1,-1,0,1,-1,10
Reb2018e,"Decoy effect, anticipated regret, and preferences for work–family benefits",2018,"Reb, Jochen; Li, Andrew; Bagger, Jessica",Journal of Occupational and Organizational Psychology,,2,3,1,1,0,-1,-1,-1.0,1,271,32.89,2,-1.0,-1,0,-1,94,0,94,-1,-1,-1,-1,-1,-1,-1,-1,-1,-1,0,1,0,14
Richter2017a,Explaining individuals' justification of layoffs,2017,"Richter, Manuela; König, Cornelius J.",Journal of Applied Social Psychology,,1,1,-1,1,5,-1,-1,-1.0,1,219,40.0,2,-1.0,3,1,1,14,6,4,-1,1,5,PR <1 or PR > 99,9,5,-1,-1,-1,-1,0,0,0,13
Richter2017b,Explaining individuals' justification of layoffs,2017,"Richter, Manuela; König, Cornelius J.",Journal of Applied Social Psychology,,2,1,-1,1,5,-1,-1,1.0,1,338,38.0,2,-1.0,3,1,1,16,1,7,-1,9,9,-1,-1,-1,-1,-1,-1,-1,0,0,0,18
Merritt2020a,Weight and gender bias in observer perceptions of organizational leadership: Effects of perceived leader prototypicality and unit performance,2020,"Merritt, Stephanie M.; Lynch, Ellen E.",Journal of Applied Social Psychology,"Reported CR a bit oddly. First flagged 15 with mah D, then further investigated with other techniques to remove 10. I reported a total of 25 as being flagged. ",1,3,1,1,0,-1,-1,-1.0,1,462,-1.0,2,-1.0,0,1,1,25,4,15,0.001,10,9,-1,3,1,-1,-1,-1,-1,0,1,0,11
Noble2021a,The procedural and interpersonal justice of automated application and resume screening,2021,"Noble, Sean M.; Foster, Lori L.; Craig, S. Bartholomew",International Journal of Selection and Assessment,,1,3,1,1,0,-1,-1,-1.0,1,429,36.1,2,1.1,0,1,1,69,0,14,1,1,55,<2,-1,-1,-1,-1,-1,-1,0,1,0,29
Vance2020a,Alternative Measures of Employee Commitment: Assessment of Predictive Validity for Performance and Turnover,2020,"Vance, Robert J.; Jaros, Stephen; Becker, Thomas E.; McKay, Alexander S.",Human Performance,,1,1,1,1,0,-1,-1,0.95,1,308,37.0,2,-1.0,0,1,1,23,0,19,1,3,4,z > 3.22,-1,-1,-1,-1,-1,-1,0,0,0,29
Quade2020a,The influence of supervisor bottom-line mentality and employee bottom-line mentality on leader-member exchange and subsequent employee performance,2020,"Quade, Matthew J; McLarty, Benjamin D; Bonner, Julena M",Human Relations,"Repeated measures design, and authors removed for CR from the final sample that completed all surveys, so reporting one sample here",1,1,-1,1,-1,-1,4,-1.0,2,199,46.2,5,-1.0,0,0,-1,10,13,10,-1,-1,-1,-1,-1,-1,-1,-1,-1,-1,1,0,0,26
Quade2020b,The influence of supervisor bottom-line mentality and employee bottom-line mentality on leader-member exchange and subsequent employee performance,2020,"Quade, Matthew J; McLarty, Benjamin D; Bonner, Julena M",Human Relations,"Repeated measures design, and authors removed for CR from the final sample that completed all surveys, so reporting one sample here",2,1,-1,1,-1,-1,4,-1.0,2,248,44.8,5,-1.0,0,0,-1,4,13,4,-1,-1,-1,-1,-1,-1,-1,-1,-1,-1,1,0,0,34
Thoroughgood2021a,Because you’re worth the risks: Acts of oppositional courage as symbolic messages of relational value to transgender employees,2021,"Thoroughgood, Christian N.; Sawyer, Katina B.; Webster, Jennica R.",Journal of Applied Psychology,,3,1,5,1,-1,-1,-1,-1.0,1,206,35.9,5,-1.0,-1,1,0,42,0,-1,-1,3,-1,-1,6,-1,-1,-1,-1,-1,0,0,0,-1
Liang2018a,The dimensions and mechanisms of mindfulness in regulating aggressive behaviors,2018,"Liang, Lindie H.; Brown, Douglas J.; Ferris, D. Lance; Hanig, Samuel; Lian, Huiwen; Keeping, Lisa M.",Journal of Applied Psychology,included a second and third study that we could not us - lumped CR with non-CR screening,1,1,1,1,0,-1,2,-1.0,1,106,37.0,2,-1.0,0,0,-1,5,1,5,>1hr total,-1,-1,-1,-1,-1,-1,-1,-1,-1,0,1,0,-1
Casper2020a,Selecting response anchors with equal intervals for summated rating scales,2020,"Casper, Wm. Camron; Edwards, Bryan D.; Wallace, J. Craig; Landis, Ronald S.; Fife, Dustin A.",Journal of Applied Psychology,,3,3,1,1,1,-1,-1,-1.0,1,393,-1.0,2,-1.0,-1,0,-1,41,1,41,-1,-1,-1,-1,-1,-1,-1,-1,-1,-1,0,1,0,-1
Lebel2018a,Proactivity despite discouraging supervisors: The powerful role of prosocial motivation,2018,"Lebel, R. David; Patil, Shefali V.",Journal of Applied Psychology,,2,1,6,1,-1,-1,-1,-1.0,2,467,45.0,2,5.0,-1,1,0,70,1,-1,-1,3,-1,-1,-1,-1,-1,-1,-1,-1,1,0,0,3
Dang2017a,Leader social accounts of subordinates’ unethical behavior: Examining observer reactions to leader social accounts with moral disengagement language,2017,"Dang, Carolyn T.; Umphress, Elizabeth E.; Mitchell, Marie S.",Journal of Applied Psychology,included a second study but the reporting was wonky and difficult to parse. Plus it was not very detailed. ,1,0,0,1,-1,-1,-1,-1.0,1,142,23.0,1,-1.0,0,0,-1,31,13,31,-1,-1,-1,-1,-1,-1,-1,-1,-1,-1,0,1,1,25
Downes2021a,Referents or role models? The self-efficacy and job performance effects of perceiving higher performing peers,2021,"Downes, Patrick E.; Crawford, Eean R.; Seibert, Scott E.; Stoverink, Adam C.; Campbell, Elizabeth M.",Journal of Applied Psychology,,2,3,0,1,-1,-1,4,-1.0,1,128,-1.0,2,12.0,0,0,-1,21,0,21,1,-1,-1,-1,-1,-1,-1,-1,-1,-1,0,1,1,-1
Landers2022a,"Theory-driven game-based assessment of general cognitive ability: Design theory, measurement, prediction of performance, and test fairness",2022,"Landers, Richard N.; Armstrong, Michael B.; Collmus, Andrew B.; Mujcic, Salih; Blaik, Jason",Journal of Applied Psychology,"did not record number of items because they were gamified, had time limits, just really non-traditional ",1,0,0,1,-1,-1,0,-1.0,1,746,21.35,5,-1.0,0,1,0,104,12,-1,2,7,-1,-1,-1,-1,-1,-1,-1,-1,0,0,2,-1
Sauls2019a,How do narcissists get what they want from their romantic partners? The connections that narcissistic admiration and narcissistic rivalry have with influence strategies,2019,"Sauls, Destaney; Zeigler-Hill, Virgil; Vrabel, Jennifer K.; Lehtman, Mark J.",Personality and Individual Differences,,1,0,0,1,-1,-1,0,-1.0,1,405,20.5,1,-1.0,0,1,1,54,0,25,2,4,4,-1,-1,-1,-1,-1,-1,-1,0,0,0,39
Sauls2019b,How do narcissists get what they want from their romantic partners? The connections that narcissistic admiration and narcissistic rivalry have with influence strategies,2019,"Sauls, Destaney; Zeigler-Hill, Virgil; Vrabel, Jennifer K.; Lehtman, Mark J.",Personality and Individual Differences,,2,3,1,1,0,-1,-1,-1.0,1,358,33.76,2,-1.0,0,1,1,56,0,21,2,5,2,-1,4,3,-1,14,30,-1,0,0,0,39
Zeigler-Hill2018a,Narcissism and mate value: Is beauty in the eye of the narcissistic beholder?,2018,"Zeigler-Hill, Virgil; Trombly, David R. C.",Personality and Individual Differences,,1,0,0,1,-1,-1,0,-1.0,1,1106,20.21,1,-1.0,0,1,1,44,5,18,-1,4,10,-1,14,7,-1,15,9,-1,0,0,0,56
Seggewiss2019a,"Do Values and Value Congruence Both Predict Commitment? A Refined Multi-Target, Multi-Value Investigation into a Challenged Belief",2019,"Seggewiss, Britta J.; Boeggemann, Lea M.; Straatmann, Tammo; Mueller, Karsten; Hattrup, Kate",Journal of Business and Psychology,,1,1,1,1,-1,-1,-1,-1.0,1,1000,40.79,2,-1.0,3,1,0,186,1,-1,<2s/item,14,-1,0.9,9,-1,<.3,-1,-1,-1,0,0,0,-1
Zeigler-Hill2020a,The darker angels of our nature: Do social worldviews mediate the associations that dark personality features have with ideological attitudes?,2020,"Zeigler-Hill, Virgil; Martinez, Jose L.; Vrabel, Jennifer K.; Ezenwa, Michael Onyeka; Oraetue, Henry; Nweze, Tochukwu; Andrews, David; Kenny, Brianna",Personality and Individual Differences,this journal does a good job summarizing CR; this is a peculair sample of nigerian prisoners..,1,3,6,1,-1,-1,-1,-1.0,1,707,31.9,-1,-1.0,4,1,1,151,5,58,-1,4,23,-1,15,19,-1,14,51,-1,0,0,1,59
Zeigler-Hill2020b,The darker angels of our nature: Do social worldviews mediate the associations that dark personality features have with ideological attitudes?,2020,"Zeigler-Hill, Virgil; Martinez, Jose L.; Vrabel, Jennifer K.; Ezenwa, Michael Onyeka; Oraetue, Henry; Nweze, Tochukwu; Andrews, David; Kenny, Brianna",Personality and Individual Differences,,2,0,0,1,-1,-1,0,-1.0,1,899,19.89,-1,-1.0,0,1,0,107,5,-1,-1,4,-1,-1,15,-1,-1,14,-1,-1,0,0,0,113
Zeigler-Hill2020c,The darker angels of our nature: Do social worldviews mediate the associations that dark personality features have with ideological attitudes?,2020,"Zeigler-Hill, Virgil; Martinez, Jose L.; Vrabel, Jennifer K.; Ezenwa, Michael Onyeka; Oraetue, Henry; Nweze, Tochukwu; Andrews, David; Kenny, Brianna",Personality and Individual Differences,,3,3,5,1,4,-1,4,-1.0,1,945,25.42,5,-1.0,0,1,0,190,5,-1,-1,4,-1,-1,15,-1,-1,14,-1,-1,0,0,0,125
Zeigler-Hill2022a,Social worldviews and the likelihood of engaging in preemptive strikes,2022,"Zeigler-Hill, Virgil; Besser, Avi",Personality and Individual Differences,,1,3,-1,1,-1,-1,-1,-1.0,1,1712,26.15,-1,-1.0,5,1,1,83,5,44,-1,4,3,-1,14,17,-1,15,19,-1,0,0,0,-1
Zeigler-Hill2022b,Social worldviews and the likelihood of engaging in preemptive strikes,2022,"Zeigler-Hill, Virgil; Besser, Avi",Personality and Individual Differences,,2,3,-1,1,-1,-1,-1,-1.0,1,1544,27.48,-1,-1.0,5,1,1,63,5,27,-1,4,8,-1,14,11,-1,15,17,-1,0,0,0,-1
Zeigler-Hill2022c,Social worldviews and the likelihood of engaging in preemptive strikes,2022,"Zeigler-Hill, Virgil; Besser, Avi",Personality and Individual Differences,,3,3,-1,1,-1,-1,-1,-1.0,1,1576,27.45,-1,-1.0,5,1,1,74,5,33,-1,4,12,-1,14,10,-1,15,19,-1,0,0,0,-1
Kim2022b,Evaluations of abusive supervisors: The moderating role of the abuser's gender,2022,"Kim, Joseph K.; Harold, Crystal M.; Holtz, Brian C.",Journal of Organizational Behavior,,1,1,1,1,2,-1,-1,0.95,1,249,29.96,2,1.0,0,0,-1,0,0,0,2,-1,-1,-1,-1,-1,-1,-1,-1,-1,0,1,0,16
Kim2022c,Evaluations of abusive supervisors: The moderating role of the abuser's gender,2022,"Kim, Joseph K.; Harold, Crystal M.; Holtz, Brian C.",Journal of Organizational Behavior,,2,1,1,1,0,-1,-1,0.95,3,214,35.14,2,1.0,0,0,-1,10,13,10,>=1,-1,-1,-1,-1,-1,-1,-1,-1,-1,1,0,0,24
Wood2019a,Using functional fields to formally represent the meaning and logic of behavior: A worked example using Dark Triad-related actions,2019,"Wood, Dustin; Lowman, Graham H.; Harms, P. D.; Spain, Seth M.",Personality and Individual Differences,,1,3,1,1,0,-1,-1,-1.0,1,314,34.4,2,2.16,-1,0,-1,98,1,98,<1s/item,-1,-1,-1,-1,-1,-1,-1,-1,-1,0,0,0,-1
Grover2021a,Different respect motivates different people: How self-esteem moderates the effects of respect on performance,2021,"Grover, Steven L.",Personality and Individual Differences,,2,1,1,1,0,-1,-1,-1.0,1,291,-1.0,2,1.5,0,0,-1,95,0,95,2,-1,-1,-1,-1,-1,-1,-1,-1,-1,0,0,0,49
Leunissen2018a,Organizational nostalgia lowers turnover intentions by increasing work meaning: The moderating role of burnout.,2018,"Leunissen, Joost M.; Sedikides, Constantine; Wildschut, Tim; Cohen, Taya R.",Journal of Occupational Health Psychology,,2,1,1,1,0,-1,-1,-1.0,1,126,36.51,2,-1.0,0,0,-1,10,0,10,1,-1,-1,-1,-1,-1,-1,-1,-1,-1,0,1,0,-1
Leunissen2018b,Organizational nostalgia lowers turnover intentions by increasing work meaning: The moderating role of burnout.,2018,"Leunissen, Joost M.; Sedikides, Constantine; Wildschut, Tim; Cohen, Taya R.",Journal of Occupational Health Psychology,,3,1,1,1,0,-1,-1,-1.0,1,129,35.38,2,-1.0,0,0,-1,6,0,6,1,-1,-1,-1,-1,-1,-1,-1,-1,-1,1,1,0,-1
van2021a,"No guts, no glory? How risk-taking shapes dominance, prestige, and leadership endorsement",2021,"van Kleef, Gerben A.; Heerdink, Marc W.; Cheshin, Arik; Stamkou, Eftychia; Wanders, Florian; Koning, Lukas F.; Fang, Xia; Georgeac, Oriane A. M.",Journal of Applied Psychology,,2,3,1,1,5,-1,-1,-1.0,1,375,44.56,-1,-1.0,5,0,-1,105,0,105,-1,-1,-1,-1,-1,-1,-1,-1,-1,-1,1,0,0,-1
van2021b,"No guts, no glory? How risk-taking shapes dominance, prestige, and leadership endorsement",2021,"van Kleef, Gerben A.; Heerdink, Marc W.; Cheshin, Arik; Stamkou, Eftychia; Wanders, Florian; Koning, Lukas F.; Fang, Xia; Georgeac, Oriane A. M.",Journal of Applied Psychology,,3,0,0,1,-1,-1,0,-1.0,1,149,20.42,1,-1.0,6,0,-1,1,16,1,-1,-1,-1,-1,-1,-1,-1,-1,-1,-1,0,1,0,-1
van2021c,"No guts, no glory? How risk-taking shapes dominance, prestige, and leadership endorsement",2021,"van Kleef, Gerben A.; Heerdink, Marc W.; Cheshin, Arik; Stamkou, Eftychia; Wanders, Florian; Koning, Lukas F.; Fang, Xia; Georgeac, Oriane A. M.",Journal of Applied Psychology,,4,3,1,1,2,-1,-1,-1.0,1,422,35.38,1,0.68,0,1,1,10,16,6,-1,6,4,-1,-1,-1,-1,-1,-1,-1,0,1,0,-1
Sherf2019a,Too Busy to Be Fair? The Effect of Workload and Rewards on Managers’ Justice Rule Adherence,2019,"Sherf, Elad N.; Venkataramani, Vijaya; Gajendran, Ravi S.",Academy of Management Journal,,1,1,1,1,0,-1,3,-1.0,1,158,39.69,5,-1.0,0,0,-1,14,13,14,-1,-1,-1,-1,-1,-1,-1,-1,-1,-1,1,0,0,34
Ziegert2021a,Integrating Formal and Shared Leadership: the Moderating Influence of Role Ambiguity on Innovation,2021,"Ziegert, Jonathan C.; Dust, Scott B.",Journal of Business and Psychology,,1,0,0,1,-1,-1,0,-1.0,1,828,18.73,1,-1.0,0,0,-1,270,13,270,3,-1,-1,-1,-1,-1,-1,-1,-1,-1,1,0,0,14
Kurtmollaiev2018a,Developing Managerial Dynamic Capabilities: A Quasi-Experimental Field Study of the Effects of Design Thinking Training,2018,"Kurtmollaiev, Seidali; Pedersen, Per egil; Fjuk, Annita; Kvale, Knut",Academy of Management Learning and Education,,1,1,2,1,-1,-1,3,-1.0,-1,470,-1.0,6,-1.0,1,0,-1,47,15,47,-1,-1,-1,-1,-1,-1,-1,-1,-1,-1,1,1,0,-1
Ward2022a,"Diversity climate, trust, and turnover intentions: A multilevel dynamic system",2022,"Ward, Anna-Katherine; Beal, Daniel J.; Zyphur, Michael J.; Zhang, Haozhen; Bobko, Philip",Journal of Applied Psychology,,1,1,0,1,-1,-1,5,-1.0,-1,3219,-1.0,-1,-1.0,0,1,0,3040,14,-1,-1,4,-1,-1,-1,-1,-1,-1,-1,-1,0,0,-1,9
Shaffakat2022a,Mindfulness attenuates both emotional and behavioral reactions following psychological contract breach: A two-stage moderated mediation model,2022,"Shaffakat, Samah; Otaye-Ebede, Lilian; Reb, Jochen; Chandwani, Rajesh; Vongswasdi, Pisitta",Journal of Applied Psychology,,3,1,1,1,2,-1,-1,-1.0,1,242,35.9,2,-1.0,-1,0,-1,31,0,31,1,-1,-1,-1,-1,-1,-1,-1,-1,-1,0,1,0,41
Shaffakat2022b,Mindfulness attenuates both emotional and behavioral reactions following psychological contract breach: A two-stage moderated mediation model,2022,"Shaffakat, Samah; Otaye-Ebede, Lilian; Reb, Jochen; Chandwani, Rajesh; Vongswasdi, Pisitta",Journal of Applied Psychology,,4,1,1,1,0,-1,-1,-1.0,1,185,27.3,2,-1.0,-1,0,-1,18,0,18,1,-1,-1,-1,-1,-1,-1,-1,-1,-1,0,1,0,19
Foster2017a,Faking is a FACT: Examining the Susceptibility of Intermediate Items to Misrepresentation,2017,"Foster, Garett C.",Dissertations,,1,1,1,1,0,-1,-1,-1.0,1,1500,-1.0,2,1.0,-1,1,0,274,0,-1,1,1,-1,<6min,-1,-1,-1,-1,-1,-1,0,1,0,72
Ireland2020a,The Role of Negative Outcome Expectations in Career Exploration and Decision-Making,2020,"Ireland, Glenn Walter; Link to external site, this link will open in a new window",Dissertations,,1,0,5,1,1,-1,0,-1.0,1,326,18.9,5,-1.0,0,1,1,38,1,7,<220s,6,28,-1,9,3,<=0,-1,-1,-1,0,0,0,-1
Ireland2020b,The Role of Negative Outcome Expectations in Career Exploration and Decision-Making,2020,"Ireland, Glenn Walter; Link to external site, this link will open in a new window",Dissertations,,2,0,1,1,1,-1,0,-1.0,1,336,19.1,-1,-1.0,-1,1,1,81,1,25,<220s,6,33,-1,9,23,<=0,-1,-1,-1,0,0,0,-1
Sitzmann2021a,The Hidden Cost of Prayer: Religiosity and the Gender Wage Gap,2021,"Sitzmann, Traci; Campbell, Elizabeth M.",Academy of Management Journal,,3a,1,1,1,2,-1,3,-1.0,1,96,36.0,2,-1.0,-1,0,-1,5,13,5,-1,-1,-1,-1,-1,-1,-1,-1,-1,-1,0,1,0,18
Sitzmann2021b,The Hidden Cost of Prayer: Religiosity and the Gender Wage Gap,2021,"Sitzmann, Traci; Campbell, Elizabeth M.",Academy of Management Journal,,3b,1,1,1,2,-1,3,-1.0,1,151,37.0,2,-1.0,-1,0,-1,8,13,8,-1,-1,-1,-1,-1,-1,-1,-1,-1,-1,0,1,0,18
Crusius2021a,Dispositional greed predicts benign and malicious envy,2021,"Crusius, Jan; Thierhoff, Josephine; Lange, Jens",Personality and Individual Differences,,1a,-1,1,1,0,-1,-1,-1.0,1,301,36.59,2,-1.0,-1,0,-1,5,6,5,-1,-1,-1,-1,-1,-1,-1,-1,-1,-1,1,0,0,50
Crusius2021b,Dispositional greed predicts benign and malicious envy,2021,"Crusius, Jan; Thierhoff, Josephine; Lange, Jens",Personality and Individual Differences,,1b,-1,1,1,0,-1,-1,-1.0,2,253,37.41,2,-1.0,-1,0,-1,3,6,3,-1,-1,-1,-1,-1,-1,-1,-1,-1,-1,1,1,0,9
Crusius2021c,Dispositional greed predicts benign and malicious envy,2021,"Crusius, Jan; Thierhoff, Josephine; Lange, Jens",Personality and Individual Differences,,2,-1,5,1,-1,-1,-1,-1.0,1,834,32.93,5,-1.0,1,0,-1,41,6,31,-1,-1,-1,-1,-1,-1,-1,-1,-1,-1,0,0,0,41
Dineen2018a,Who cares about demands–abilities fit? Moderating effects of goal orientation on recruitment and organizational entry outcomes,2018,"Dineen, Brian R.; Vandewalle, Don; Noe, Raymond A.; Wu, Lusi; Lockhart, Daniel",Personnel Psychology,,3,2,0,1,-1,-1,1,-1.0,1,216,-1.0,3,50.0,1,0,-1,25,0,25,-1,-1,-1,-1,-1,-1,-1,-1,-1,-1,1,0,0,-1
